値段,株数,金額,時刻
2360,65600,154816000,15:30:00
2362,300,708600,15:24:57
2360,100,236000,15:24:57
2362,100,236200,15:24:57
2360,500,1180000,15:24:56
2362,600,1417200,15:24:56
2361,400,944400,15:24:56
2361,100,236100,15:24:56
2360,200,472000,15:24:56
2359,600,1415400,15:24:53
2356,100,235600,15:24:53
2359,700,1651300,15:24:53
2358,200,471600,15:24:52
2356,100,235600,15:24:41
2357,100,235700,15:24:41
2357,100,235700,15:24:39
2359,100,235900,15:24:39
2359,200,471800,15:24:39
2358,100,235800,15:24:37
2359,100,235900,15:24:36
2357,100,235700,15:24:35
2358,300,707400,15:24:35
2358,100,235800,15:24:35
2357,100,235700,15:24:28
2357,100,235700,15:24:28
2359,100,235900,15:24:23
2359,300,707700,15:24:19
2358,100,235800,15:24:15
2358,100,235800,15:24:15
2356,100,235600,15:24:11
2357,400,942800,15:23:56
2357,200,471400,15:23:56
2357,100,235700,15:23:40
2358,100,235800,15:23:20
2358,200,471600,15:23:20
2358,100,235800,15:23:04
2357,200,471400,15:22:58
2357,300,707100,15:22:56
2359,100,235900,15:22:47
2356,100,235600,15:22:46
2358,500,1179000,15:22:46
2360,300,708000,15:22:33
2360,100,236000,15:22:33
2359,100,235900,15:22:33
2360,100,236000,15:22:10
2358,100,235800,15:22:10
2359,100,235900,15:22:04
2358,500,1179000,15:22:01
2358,100,235800,15:21:41
2358,700,1650600,15:21:28
2359,100,235900,15:21:28
2358,200,471600,15:21:20
2360,200,472000,15:21:20
2359,100,235900,15:21:09
2359,200,471800,15:21:02
2358,100,235800,15:21:02
2357,800,1885600,15:20:59
2356,400,942400,15:20:57
2356,100,235600,15:20:57
2355,100,235500,15:20:57
2355,100,235500,15:20:57
2355,400,942000,15:20:57
2353,200,470600,15:20:53
2353,100,235300,15:20:32
2354,1000,2354000,15:20:32
2353,500,1176500,15:20:32
2353,100,235300,15:20:32
2352,100,235200,15:20:25
2352,1400,3292800,15:20:25
2350,100,235000,15:20:03
2351,500,1175500,15:20:03
2352,600,1411200,15:19:38
2353,100,235300,15:19:00
2351,100,235100,15:19:00
2352,1000,2352000,15:19:00
2353,100,235300,15:18:58
2351,300,705300,15:18:55
2352,200,470400,15:18:40
2352,100,235200,15:18:00
2354,100,235400,15:17:39
2352,100,235200,15:17:31
2353,100,235300,15:17:07
2352,100,235200,15:16:17
2353,400,941200,15:16:17
2353,600,1411800,15:15:42
2353,100,235300,15:15:20
2352,100,235200,15:15:19
2352,100,235200,15:15:19
2352,300,705600,15:15:19
2351,100,235100,15:15:15
2351,100,235100,15:14:25
2352,400,940800,15:14:25
2352,100,235200,15:14:12
2353,100,235300,15:14:08
2353,100,235300,15:13:55
2354,300,706200,15:13:37
2353,100,235300,15:13:22
2353,100,235300,15:13:21
2353,500,1176500,15:13:21
2353,100,235300,15:13:05
2352,200,470400,15:12:23
2353,300,705900,15:12:00
2352,100,235200,15:11:39
2353,200,470600,15:11:38
2354,400,941600,15:11:23
2353,100,235300,15:10:45
2353,100,235300,15:10:45
2352,100,235200,15:10:32
2352,100,235200,15:10:32
2352,200,470400,15:10:15
2352,100,235200,15:10:15
2352,100,235200,15:10:07
2351,400,940400,15:10:06
2351,100,235100,15:09:40
2351,100,235100,15:09:06
2351,100,235100,15:09:01
2351,300,705300,15:08:51
2350,100,235000,15:08:51
2350,400,940000,15:08:51
2349,100,234900,15:08:09
2350,700,1645000,15:07:37
2350,100,235000,15:07:33
2351,100,235100,15:07:18
2351,500,1175500,15:07:18
2352,300,705600,15:07:06
2354,100,235400,15:07:00
2353,200,470600,15:06:46
2352,100,235200,15:06:46
2354,400,941600,15:06:46
2354,100,235400,15:06:46
2353,800,1882400,15:06:46
2352,100,235200,15:06:40
2352,700,1646400,15:06:40
2352,100,235200,15:06:21
2352,100,235200,15:06:03
2351,100,235100,15:05:55
2352,100,235200,15:05:15
2353,300,705900,15:05:15
2353,100,235300,15:04:24
2352,500,1176000,15:04:24
2353,700,1647100,15:04:24
2354,600,1412400,15:04:24
2355,300,706500,15:03:51
2355,100,235500,15:03:23
2355,1000,2355000,15:03:23
2354,300,706200,15:03:21
2354,200,470800,15:03:21
2354,600,1412400,15:03:14
2354,100,235400,15:03:11
2353,100,235300,15:02:47
2351,100,235100,15:02:22
2351,200,470200,15:02:19
2352,100,235200,15:02:17
2353,100,235300,15:02:06
2352,100,235200,15:01:33
2352,100,235200,15:01:32
2353,100,235300,15:01:06
2353,100,235300,15:00:31
2352,200,470400,15:00:31
2352,100,235200,15:00:09
2352,100,235200,15:00:01
2351,100,235100,14:59:55
2352,100,235200,14:59:20
2351,100,235100,14:58:24
2351,600,1410600,14:58:24
2352,400,940800,14:58:24
2352,100,235200,14:58:20
2353,100,235300,14:58:19
2354,100,235400,14:58:01
2353,100,235300,14:57:04
2354,100,235400,14:56:22
2353,100,235300,14:56:15
2353,100,235300,14:56:01
2354,500,1177000,14:56:01
2353,300,705900,14:56:01
2353,100,235300,14:55:49
2351,100,235100,14:55:02
2351,100,235100,14:54:44
2352,100,235200,14:54:37
2351,100,235100,14:54:37
2351,100,235100,14:54:37
2350,500,1175000,14:54:37
2350,300,705000,14:54:37
2350,300,705000,14:54:37
2349,100,234900,14:54:28
2349,100,234900,14:54:22
2349,100,234900,14:53:54
2350,200,470000,14:53:54
2349,200,469800,14:53:50
2349,200,469800,14:53:50
2349,100,234900,14:53:25
2349,200,469800,14:53:20
2349,100,234900,14:53:01
2349,400,939600,14:53:01
2350,100,235000,14:52:10
2350,1700,3995000,14:52:09
2349,100,234900,14:52:09
2349,200,469800,14:52:09
2348,300,704400,14:52:09
2349,400,939600,14:52:09
2350,4200,9870000,14:52:09
2350,200,470000,14:52:09
2350,1900,4465000,14:52:09
2350,3300,7755000,14:52:09
2351,500,1175500,14:51:52
2351,500,1175500,14:51:52
2352,100,235200,14:51:35
2352,100,235200,14:51:35
2351,100,235100,14:51:04
2352,700,1646400,14:51:04
2352,600,1411200,14:50:55
2353,100,235300,14:50:34
2353,100,235300,14:50:07
2353,100,235300,14:50:07
2353,200,470600,14:50:00
2353,100,235300,14:49:40
2353,100,235300,14:49:23
2352,100,235200,14:49:18
2353,300,705900,14:49:18
2354,100,235400,14:48:54
2354,100,235400,14:48:54
2355,100,235500,14:48:06
2355,100,235500,14:48:01
2355,200,471000,14:47:35
2354,100,235400,14:47:08
2354,1400,3295600,14:47:07
2353,400,941200,14:47:07
2353,100,235300,14:46:02
2352,200,470400,14:45:57
2353,800,1882400,14:45:57
2353,100,235300,14:45:45
2354,1300,3060200,14:45:22
2355,100,235500,14:45:04
2355,100,235500,14:44:35
2355,200,471000,14:44:35
2356,100,235600,14:43:51
2356,100,235600,14:43:51
2354,100,235400,14:42:27
2356,200,471200,14:42:01
2355,100,235500,14:41:47
2354,300,706200,14:41:47
2355,1600,3768000,14:41:47
2356,100,235600,14:41:47
2356,200,471200,14:41:40
2358,600,1414800,14:41:14
2358,100,235800,14:40:55
2357,100,235700,14:40:50
2358,200,471600,14:40:19
2359,100,235900,14:40:16
2358,300,707400,14:40:10
2358,100,235800,14:40:10
2358,100,235800,14:40:10
2357,400,942800,14:40:10
2357,100,235700,14:40:07
2357,800,1885600,14:40:03
2356,200,471200,14:40:03
2356,100,235600,14:40:03
2355,300,706500,14:40:01
2355,1100,2590500,14:40:01
2355,200,471000,14:40:01
2355,1000,2355000,14:40:01
2356,200,471200,14:39:04
2356,300,706800,14:39:04
2356,500,1178000,14:38:24
2356,100,235600,14:38:23
2356,400,942400,14:38:23
2356,100,235600,14:38:08
2357,200,471400,14:37:27
2357,100,235700,14:37:19
2358,100,235800,14:36:32
2358,100,235800,14:36:32
2358,300,707400,14:36:32
2358,2400,5659200,14:36:32
2359,200,471800,14:36:31
2360,200,472000,14:36:00
2360,400,944000,14:36:00
2361,100,236100,14:34:53
2362,100,236200,14:34:45
2363,100,236300,14:34:45
2363,200,472600,14:34:10
2363,100,236300,14:33:40
2362,200,472400,14:33:24
2363,100,236300,14:32:45
2362,100,236200,14:32:26
2361,100,236100,14:32:04
2361,100,236100,14:32:04
2363,800,1890400,14:31:54
2364,400,945600,14:31:15
2364,100,236400,14:31:14
2364,200,472800,14:30:01
2365,100,236500,14:29:59
2365,100,236500,14:29:58
2364,1000,2364000,14:29:52
2363,500,1181500,14:29:52
2362,100,236200,14:29:47
2360,100,236000,14:29:35
2361,1900,4485900,14:29:12
2361,100,236100,14:29:12
2361,100,236100,14:29:06
2360,100,236000,14:28:38
2362,900,2125800,14:28:09
2361,400,944400,14:28:09
2360,100,236000,14:28:07
2360,100,236000,14:28:07
2360,100,236000,14:27:44
2360,100,236000,14:27:44
2360,200,472000,14:27:44
2360,200,472000,14:27:43
2361,100,236100,14:27:13
2360,100,236000,14:26:01
2361,200,472200,14:25:46
2359,100,235900,14:25:37
2360,100,236000,14:25:35
2360,100,236000,14:25:15
2361,200,472200,14:25:03
2360,100,236000,14:25:00
2360,100,236000,14:25:00
2360,300,708000,14:25:00
2360,100,236000,14:25:00
2361,200,472200,14:24:17
2361,200,472200,14:23:56
2361,100,236100,14:23:47
2360,1500,3540000,14:23:47
2360,1400,3304000,14:23:47
2361,400,944400,14:23:47
2362,100,236200,14:23:47
2361,400,944400,14:23:47
2361,100,236100,14:22:54
2362,100,236200,14:22:50
2361,100,236100,14:22:40
2361,1000,2361000,14:22:40
2360,300,708000,14:22:04
2360,400,944000,14:21:48
2359,200,471800,14:20:54
2360,1000,2360000,14:19:57
2359,100,235900,14:19:56
2359,100,235900,14:19:40
2359,400,943600,14:19:18
2359,200,471800,14:19:18
2359,2400,5661600,14:19:18
2361,100,236100,14:18:39
2359,300,707700,14:18:19
2360,200,472000,14:18:19
2360,100,236000,14:18:13
2359,100,235900,14:17:16
2361,100,236100,14:17:16
2360,300,708000,14:16:53
2362,300,708600,14:16:07
2362,200,472400,14:16:07
2359,100,235900,14:15:51
2360,200,472000,14:15:33
2362,700,1653400,14:15:33
2361,200,472200,14:15:33
2360,300,708000,14:15:12
2358,700,1650600,14:15:01
2359,100,235900,14:14:54
2359,700,1651300,14:14:15
2360,100,236000,14:14:15
2360,200,472000,14:14:11
2360,100,236000,14:13:56
2362,100,236200,14:13:36
2361,100,236100,14:13:34
2361,200,472200,14:13:13
2362,700,1653400,14:13:06
2362,500,1181000,14:13:06
2362,500,1181000,14:13:06
2363,100,236300,14:13:05
2363,100,236300,14:12:59
2364,100,236400,14:12:52
2363,400,945200,14:12:31
2362,100,236200,14:12:31
2361,400,944400,14:12:28
2360,100,236000,14:12:03
2361,100,236100,14:11:14
2360,300,708000,14:11:05
2360,200,472000,14:11:05
2360,100,236000,14:11:05
2359,100,235900,14:10:58
2359,300,707700,14:10:58
2358,100,235800,14:10:44
2358,100,235800,14:10:44
2358,500,1179000,14:10:44
2358,1000,2358000,14:10:44
2356,200,471200,14:10:39
2355,100,235500,14:10:25
2356,200,471200,14:10:25
2357,200,471400,14:09:32
2357,100,235700,14:09:23
2356,200,471200,14:09:20
2356,100,235600,14:09:07
2357,100,235700,14:09:07
2357,100,235700,14:09:06
2357,100,235700,14:09:03
2357,600,1414200,14:08:45
2358,100,235800,14:08:22
2358,100,235800,14:08:08
2360,100,236000,14:07:58
2359,100,235900,14:07:35
2360,200,472000,14:07:13
2359,500,1179500,14:07:13
2358,300,707400,14:07:05
2360,400,944000,14:06:38
2359,100,235900,14:06:38
2359,100,235900,14:06:38
2360,1700,4012000,14:06:38
2360,100,236000,14:06:21
2362,100,236200,14:03:59
2363,100,236300,14:02:43
2363,300,708900,14:02:32
2360,400,944000,14:02:22
2361,600,1416600,14:02:22
2362,100,236200,14:02:22
2362,100,236200,14:02:07
2363,200,472600,14:01:52
2363,100,236300,14:01:41
2364,400,945600,14:01:41
2365,200,473000,14:01:38
2365,100,236500,14:01:38
2366,100,236600,14:01:05
2366,100,236600,14:01:05
2366,100,236600,14:01:05
2367,100,236700,14:00:40
2367,100,236700,13:59:48
2366,100,236600,13:59:45
2368,400,947200,13:59:44
2367,400,946800,13:59:44
2368,100,236800,13:59:44
2367,100,236700,13:59:17
2367,100,236700,13:59:17
2367,200,473400,13:59:17
2366,400,946400,13:58:32
2366,100,236600,13:58:32
2367,800,1893600,13:58:32
2367,100,236700,13:57:34
2367,100,236700,13:57:31
2368,300,710400,13:55:07
2369,300,710700,13:55:00
2368,100,236800,13:54:25
2367,100,236700,13:54:19
2368,200,473600,13:54:19
2368,100,236800,13:53:36
2368,200,473600,13:53:00
2369,100,236900,13:52:32
2368,100,236800,13:52:32
2367,100,236700,13:52:28
2367,100,236700,13:52:28
2366,100,236600,13:52:27
2367,100,236700,13:51:46
2365,100,236500,13:51:34
2364,200,472800,13:51:02
2365,400,946000,13:50:54
2366,400,946400,13:50:54
2366,100,236600,13:50:52
2367,100,236700,13:50:51
2366,100,236600,13:50:43
2365,300,709500,13:50:43
2365,1100,2601500,13:50:43
2362,100,236200,13:50:43
2364,300,709200,13:50:43
2363,600,1417800,13:50:43
2362,400,944800,13:50:43
2362,200,472400,13:50:43
2361,100,236100,13:50:41
2361,600,1416600,13:50:41
2361,100,236100,13:50:41
2360,100,236000,13:50:41
2361,100,236100,13:50:41
2360,900,2124000,13:50:41
2359,100,235900,13:49:48
2358,100,235800,13:49:24
2360,100,236000,13:49:20
2358,100,235800,13:49:20
2358,500,1179000,13:49:05
2359,500,1179500,13:48:20
2360,100,236000,13:47:27
2358,100,235800,13:47:25
2359,300,707700,13:47:05
2360,2900,6844000,13:47:05
2360,100,236000,13:47:05
2360,100,236000,13:46:42
2360,500,1180000,13:46:41
2362,200,472400,13:46:20
2362,300,708600,13:46:20
2362,100,236200,13:46:13
2362,500,1181000,13:45:30
2361,100,236100,13:45:10
2361,200,472200,13:45:04
2361,100,236100,13:45:03
2361,100,236100,13:45:03
2361,100,236100,13:45:02
2361,100,236100,13:44:48
2362,100,236200,13:44:06
2362,100,236200,13:43:59
2361,200,472200,13:43:38
2362,200,472400,13:43:28
2362,1700,4015400,13:43:21
2363,200,472600,13:42:55
2363,300,708900,13:42:46
2363,100,236300,13:42:46
2364,400,945600,13:42:46
2364,900,2127600,13:42:46
2364,100,236400,13:42:45
2365,200,473000,13:42:22
2365,100,236500,13:42:07
2365,100,236500,13:41:52
2365,200,473000,13:41:36
2366,100,236600,13:41:00
2367,500,1183500,13:41:00
2367,100,236700,13:39:39
2365,400,946000,13:38:51
2365,100,236500,13:38:39
2365,200,473000,13:38:39
2367,100,236700,13:37:37
2367,100,236700,13:36:44
2368,100,236800,13:36:43
2368,200,473600,13:36:31
2367,300,710100,13:36:31
2366,300,709800,13:36:06
2365,1100,2601500,13:36:06
2364,100,236400,13:35:42
2364,1000,2364000,13:35:20
2364,100,236400,13:35:20
2364,300,709200,13:35:20
2363,100,236300,13:35:16
2364,700,1654800,13:35:05
2365,300,709500,13:35:05
2365,1600,3784000,13:35:05
2366,300,709800,13:35:00
2366,400,946400,13:35:00
2367,600,1420200,13:35:00
2368,800,1894400,13:34:50
2368,200,473600,13:34:50
2368,600,1420800,13:34:50
2368,600,1420800,13:34:50
2368,600,1420800,13:34:50
2368,100,236800,13:34:50
2368,100,236800,13:34:48
2369,100,236900,13:34:36
2369,100,236900,13:34:01
2368,200,473600,13:33:54
2369,100,236900,13:33:53
2369,1100,2605900,13:33:53
2369,200,473800,13:33:53
2370,900,2133000,13:33:53
2370,1200,2844000,13:33:53
2370,300,711000,13:33:53
2370,100,237000,13:33:53
2370,1800,4266000,13:33:53
2371,200,474200,13:33:03
2371,100,237100,13:32:01
2371,100,237100,13:31:29
2370,100,237000,13:31:26
2371,100,237100,13:31:13
2371,200,474200,13:30:52
2372,100,237200,13:30:51
2372,300,711600,13:30:50
2372,1600,3795200,13:30:50
2371,300,711300,13:30:50
2371,300,711300,13:30:34
2371,600,1422600,13:30:33
2371,400,948400,13:30:33
2373,100,237300,13:29:45
2371,100,237100,13:29:35
2372,100,237200,13:29:09
2372,200,474400,13:28:42
2372,400,948800,13:28:42
2371,100,237100,13:28:26
2372,100,237200,13:28:13
2371,100,237100,13:28:03
2371,100,237100,13:28:00
2372,100,237200,13:27:54
2372,400,948800,13:27:21
2372,100,237200,13:27:21
2372,100,237200,13:27:17
2373,200,474600,13:27:03
2373,200,474600,13:25:52
2372,100,237200,13:25:09
2372,100,237200,13:25:06
2374,100,237400,13:25:00
2373,100,237300,13:24:32
2373,300,711900,13:24:32
2373,400,949200,13:23:59
2373,100,237300,13:23:59
2373,100,237300,13:23:57
2373,200,474600,13:23:57
2373,200,474600,13:23:57
2374,500,1187000,13:23:26
2374,400,949600,13:23:26
2375,2200,5225000,13:23:21
2376,100,237600,13:23:01
2376,100,237600,13:23:01
2376,100,237600,13:22:50
2376,500,1188000,13:22:26
2376,100,237600,13:22:22
2377,400,950800,13:22:09
2379,200,475800,13:21:34
2379,100,237900,13:21:03
2379,400,951600,13:20:19
2378,300,713400,13:20:09
2377,100,237700,13:19:21
2378,200,475600,13:18:38
2378,600,1426800,13:18:38
2377,100,237700,13:18:15
2377,100,237700,13:18:06
2376,100,237600,13:17:42
2377,600,1426200,13:17:42
2377,600,1426200,13:17:42
2378,200,475600,13:17:42
2378,100,237800,13:17:36
2378,100,237800,13:17:03
2379,100,237900,13:16:10
2378,200,475600,13:14:56
2378,100,237800,13:14:49
2379,800,1903200,13:14:49
2379,500,1189500,13:14:49
2380,200,476000,13:14:29
2381,100,238100,13:13:29
2382,300,714600,13:13:27
2381,400,952400,13:13:27
2379,200,475800,13:12:43
2379,300,713700,13:12:43
2381,100,238100,13:10:02
2380,500,1190000,13:10:02
2380,100,238000,13:10:02
2381,100,238100,13:10:02
2381,100,238100,13:09:29
2381,200,476200,13:09:29
2381,100,238100,13:09:29
2381,100,238100,13:09:29
2383,100,238300,13:08:17
2383,100,238300,13:07:51
2385,100,238500,13:07:51
2384,300,715200,13:07:51
2384,100,238400,13:07:42
2384,100,238400,13:07:38
2384,200,476800,13:07:38
2384,200,476800,13:07:38
2384,200,476800,13:07:38
2383,1400,3336200,13:07:38
2382,900,2143800,13:07:38
2381,100,238100,13:06:49
2380,100,238000,13:06:38
2381,300,714300,13:06:22
2381,100,238100,13:06:20
2380,300,714000,13:06:20
2379,1400,3330600,13:05:28
2378,100,237800,13:05:26
2378,100,237800,13:05:20
2378,100,237800,13:05:13
2377,100,237700,13:05:07
2377,100,237700,13:05:06
2377,100,237700,13:05:00
2377,100,237700,13:04:19
2377,600,1426200,13:03:46
2378,100,237800,13:03:38
2378,1300,3091400,13:03:37
2378,100,237800,13:03:31
2378,100,237800,13:03:30
2379,100,237900,13:03:20
2380,100,238000,13:03:17
2380,400,952000,13:03:08
2379,100,237900,13:02:49
2379,100,237900,13:02:49
2379,100,237900,13:02:48
2380,100,238000,13:02:31
2380,900,2142000,13:02:20
2382,100,238200,13:02:03
2382,100,238200,13:01:45
2382,100,238200,13:01:43
2383,100,238300,13:01:14
2383,400,953200,13:00:52
2384,100,238400,13:00:40
2385,300,715500,13:00:29
2384,100,238400,13:00:21
2385,100,238500,13:00:18
2385,100,238500,12:59:45
2385,100,238500,12:59:45
2385,200,477000,12:59:40
2385,100,238500,12:59:38
2384,100,238400,12:59:38
2384,100,238400,12:59:38
2384,300,715200,12:59:38
2384,100,238400,12:59:38
2385,200,477000,12:59:12
2385,100,238500,12:59:07
2386,100,238600,12:59:03
2386,100,238600,12:58:39
2384,100,238400,12:58:38
2386,100,238600,12:58:29
2384,100,238400,12:58:29
2385,500,1192500,12:58:29
2385,100,238500,12:58:29
2387,200,477400,12:57:17
2387,100,238700,12:56:30
2387,100,238700,12:55:53
2386,500,1193000,12:55:53
2387,100,238700,12:55:30
2387,300,716100,12:55:28
2385,100,238500,12:55:28
2387,300,716100,12:53:20
2386,400,954400,12:53:20
2387,400,954800,12:53:19
2388,100,238800,12:52:57
2389,200,477800,12:52:35
2389,100,238900,12:52:35
2391,100,239100,12:52:19
2391,200,478200,12:52:18
2390,300,717000,12:52:18
2389,200,477800,12:52:17
2390,100,239000,12:52:17
2389,100,238900,12:52:16
2389,400,955600,12:52:16
2389,100,238900,12:51:39
2387,100,238700,12:51:37
2388,100,238800,12:50:45
2388,400,955200,12:50:12
2388,100,238800,12:50:00
2387,100,238700,12:49:27
2387,100,238700,12:49:27
2388,100,238800,12:49:11
2387,100,238700,12:49:09
2388,100,238800,12:48:46
2388,100,238800,12:48:27
2387,100,238700,12:48:26
2388,300,716400,12:48:26
2387,200,477400,12:48:26
2387,100,238700,12:48:25
2386,400,954400,12:48:24
2386,100,238600,12:48:12
2384,100,238400,12:48:10
2386,100,238600,12:47:16
2384,500,1192000,12:47:16
2383,100,238300,12:46:35
2383,100,238300,12:46:35
2382,700,1667400,12:46:33
2382,100,238200,12:46:29
2381,500,1190500,12:46:27
2380,100,238000,12:46:16
2379,100,237900,12:46:16
2380,100,238000,12:46:16
2380,100,238000,12:46:07
2379,100,237900,12:45:52
2380,100,238000,12:45:52
2379,200,475800,12:45:40
2380,300,714000,12:45:38
2381,200,476200,12:45:19
2382,200,476400,12:45:06
2382,100,238200,12:44:27
2382,400,952800,12:43:45
2382,400,952800,12:43:45
2381,100,238100,12:43:45
2381,100,238100,12:43:43
2382,200,476400,12:43:42
2382,100,238200,12:43:42
2382,1300,3096600,12:43:42
2381,400,952400,12:43:42
2381,200,476200,12:43:42
2380,100,238000,12:43:41
2379,200,475800,12:43:41
2379,400,951600,12:43:41
2380,2600,6188000,12:43:41
2381,200,476200,12:43:25
2381,800,1904800,12:43:24
2381,900,2142900,12:43:24
2381,100,238100,12:43:20
2380,300,714000,12:43:20
2380,100,238000,12:42:53
2381,600,1428600,12:42:51
2381,100,238100,12:42:51
2382,300,714600,12:42:42
2382,200,476400,12:42:42
2382,100,238200,12:42:30
2383,100,238300,12:42:29
2383,300,714900,12:42:26
2383,300,714900,12:42:26
2384,200,476800,12:42:17
2384,200,476800,12:42:17
2385,100,238500,12:42:11
2385,500,1192500,12:42:08
2385,200,477000,12:42:07
2386,500,1193000,12:42:05
2386,100,238600,12:42:02
2386,100,238600,12:41:57
2387,100,238700,12:41:57
2387,100,238700,12:41:45
2387,400,954800,12:41:45
2388,100,238800,12:41:40
2388,500,1194000,12:41:40
2389,1000,2389000,12:41:40
2390,700,1673000,12:41:35
2390,1700,4063000,12:41:35
2391,100,239100,12:41:19
2391,200,478200,12:40:57
2391,100,239100,12:40:30
2391,900,2151900,12:40:29
2392,400,956800,12:40:18
2393,100,239300,12:40:10
2393,300,717900,12:40:06
2393,100,239300,12:40:00
2393,100,239300,12:40:00
2394,100,239400,12:39:58
2394,300,718200,12:39:55
2395,1200,2874000,12:39:55
2395,1900,4550500,12:39:55
2396,100,239600,12:39:13
2396,100,239600,12:39:09
2396,200,479200,12:38:29
2396,100,239600,12:38:29
2399,200,479800,12:38:20
2399,300,719700,12:38:20
2397,200,479400,12:37:13
2397,100,239700,12:37:13
2396,100,239600,12:37:08
2397,100,239700,12:36:34
2398,200,479600,12:36:34
2398,1200,2877600,12:36:34
2399,100,239900,12:35:41
2400,100,240000,12:35:34
2401,100,240100,12:35:27
2400,100,240000,12:35:26
2399,100,239900,12:35:11
2400,100,240000,12:35:04
2400,100,240000,12:35:01
2400,400,960000,12:35:00
2401,100,240100,12:34:58
2401,100,240100,12:34:58
2400,300,720000,12:34:58
2400,400,960000,12:34:58
2400,200,480000,12:34:55
2400,100,240000,12:34:55
2399,200,479800,12:34:54
2399,200,479800,12:34:53
2400,100,240000,12:34:47
2398,300,719400,12:34:45
2399,100,239900,12:34:45
2398,100,239800,12:34:20
2398,100,239800,12:34:13
2399,400,959600,12:34:13
2400,100,240000,12:33:57
2400,200,480000,12:33:39
2400,900,2160000,12:33:35
2399,800,1919200,12:33:35
2399,300,719700,12:33:27
2399,100,239900,12:33:25
2399,400,959600,12:33:25
2399,100,239900,12:33:25
2396,800,1916800,12:33:25
2397,1700,4074900,12:33:25
2398,800,1918400,12:33:25
2399,400,959600,12:33:25
2399,200,479800,12:33:25
2400,200,480000,12:33:04
2400,100,240000,12:32:40
2400,100,240000,12:32:40
2400,100,240000,12:32:40
2400,600,1440000,12:32:40
2400,600,1440000,12:32:40
2400,800,1920000,12:32:40
2401,4600,11044600,12:32:40
2402,1100,2642200,12:32:34
2402,100,240200,12:32:34
2403,400,961200,12:32:11
2403,100,240300,12:32:11
2404,200,480800,12:32:11
2405,100,240500,12:32:06
2405,100,240500,12:32:06
2405,200,481000,12:32:06
2406,100,240600,12:31:45
2408,100,240800,12:31:31
2408,200,481600,12:31:23
2409,300,722700,12:31:22
2410,100,241000,12:31:08
2409,100,240900,12:31:01
2411,100,241100,12:30:54
2411,100,241100,12:30:53
2410,300,723000,12:30:41
2414,100,241400,12:30:05
2414,200,482800,12:30:02
2413,200,482600,12:30:02
2413,100,241300,12:30:01
2411,100,241100,12:30:01
2410,100,241000,12:30:01
2413,100,241300,12:30:01
2412,300,723600,12:30:00
2410,100,241000,12:30:00
2410,200,482000,12:30:00
2411,100,241100,12:30:00
2410,6800,16388000,12:30:00
2404,300,721200,11:30:00
2403,200,480600,11:29:41
2403,200,480600,11:29:41
2402,100,240200,11:29:27
2402,100,240200,11:28:27
2402,100,240200,11:28:04
2402,100,240200,11:27:57
2402,300,720600,11:27:57
2401,100,240100,11:27:27
2402,200,480400,11:27:14
2402,100,240200,11:27:13
2404,100,240400,11:26:17
2404,100,240400,11:26:17
2405,400,962000,11:26:17
2407,100,240700,11:26:06
2407,100,240700,11:25:56
2405,100,240500,11:25:35
2406,100,240600,11:25:21
2405,200,481000,11:25:19
2405,100,240500,11:24:50
2403,100,240300,11:24:30
2405,200,481000,11:23:36
2403,200,480600,11:22:54
2403,300,720900,11:22:54
2404,100,240400,11:22:52
2404,200,480800,11:22:52
2406,100,240600,11:22:21
2405,100,240500,11:22:20
2406,100,240600,11:22:20
2405,100,240500,11:20:14
2407,200,481400,11:20:05
2405,200,481000,11:20:04
2406,200,481200,11:20:04
2407,200,481400,11:20:04
2407,400,962800,11:20:04
2408,100,240800,11:19:33
2410,100,241000,11:18:47
2409,100,240900,11:18:46
2408,200,481600,11:18:46
2410,100,241000,11:18:46
2409,200,481800,11:18:45
2410,200,482000,11:18:00
2409,100,240900,11:17:47
2410,100,241000,11:17:24
2409,400,963600,11:17:23
2408,100,240800,11:17:16
2407,100,240700,11:16:42
2408,100,240800,11:16:00
2407,100,240700,11:15:41
2407,100,240700,11:14:46
2405,100,240500,11:14:46
2406,100,240600,11:14:45
2409,100,240900,11:14:30
2409,400,963600,11:14:29
2408,100,240800,11:14:29
2407,100,240700,11:14:29
2407,100,240700,11:13:53
2406,100,240600,11:13:53
2406,200,481200,11:12:42
2409,200,481800,11:12:41
2408,100,240800,11:12:41
2407,100,240700,11:12:40
2406,100,240600,11:12:39
2406,100,240600,11:12:36
2405,100,240500,11:12:35
2405,100,240500,11:12:34
2404,300,721200,11:12:34
2404,100,240400,11:12:33
2404,100,240400,11:12:32
2403,1700,4085100,11:12:32
2402,300,720600,11:12:32
2401,500,1200500,11:12:32
2401,200,480200,11:11:49
2402,300,720600,11:11:49
2402,500,1201000,11:11:47
2402,100,240200,11:11:46
2403,3100,7449300,11:11:46
2403,500,1201500,11:11:46
2403,100,240300,11:11:37
2404,100,240400,11:11:33
2404,300,721200,11:11:20
2404,100,240400,11:10:52
2403,100,240300,11:10:52
2402,300,720600,11:10:51
2402,200,480400,11:10:51
2403,100,240300,11:10:45
2403,100,240300,11:10:15
2402,100,240200,11:10:10
2400,100,240000,11:09:37
2401,200,480200,11:09:36
2403,300,720900,11:09:35
2403,400,961200,11:09:08
2402,200,480400,11:08:55
2401,100,240100,11:08:27
2401,100,240100,11:08:27
2401,100,240100,11:08:27
2401,200,480200,11:08:26
2400,100,240000,11:08:26
2400,1300,3120000,11:08:26
2399,100,239900,11:08:26
2399,100,239900,11:08:16
2399,100,239900,11:08:15
2399,100,239900,11:08:15
2398,400,959200,11:07:59
2401,200,480200,11:07:45
2401,300,720300,11:07:45
2401,100,240100,11:07:45
2400,100,240000,11:07:45
2400,300,720000,11:07:45
2399,100,239900,11:07:45
2400,200,480000,11:07:44
2400,800,1920000,11:07:44
2400,1000,2400000,11:07:44
2401,2700,6482700,11:07:44
2401,200,480200,11:07:44
2402,700,1681400,11:07:44
2403,300,720900,11:07:43
2403,200,480600,11:07:43
2404,100,240400,11:07:15
2405,300,721500,11:06:49
2406,200,481200,11:06:37
2407,100,240700,11:06:29
2407,100,240700,11:06:15
2408,200,481600,11:06:03
2408,100,240800,11:05:25
2408,300,722400,11:04:26
2407,200,481400,11:03:01
2407,100,240700,11:02:58
2408,100,240800,11:02:58
2409,100,240900,11:02:54
2411,200,482200,11:02:41
2410,300,723000,11:02:16
2410,100,241000,11:02:07
2410,100,241000,11:02:04
2411,200,482200,11:02:02
2411,100,241100,11:01:58
2411,100,241100,11:01:48
2413,100,241300,11:01:35
2413,200,482600,11:01:12
2414,100,241400,11:01:12
2415,100,241500,11:00:56
2416,100,241600,11:00:49
2415,100,241500,11:00:49
2414,100,241400,11:00:06
2414,100,241400,10:59:45
2414,100,241400,10:58:37
2412,100,241200,10:58:31
2413,100,241300,10:58:27
2412,100,241200,10:58:19
2413,100,241300,10:58:16
2412,100,241200,10:58:16
2412,100,241200,10:58:09
2411,100,241100,10:58:09
2411,200,482200,10:57:37
2410,200,482000,10:57:37
2409,100,240900,10:57:36
2409,100,240900,10:57:36
2410,500,1205000,10:57:36
2410,400,964000,10:57:36
2410,300,723000,10:57:36
2412,100,241200,10:57:31
2412,100,241200,10:57:31
2412,300,723600,10:57:31
2411,800,1928800,10:57:30
2411,900,2169900,10:57:30
2412,200,482400,10:57:23
2413,200,482600,10:57:21
2413,100,241300,10:56:26
2412,100,241200,10:56:26
2412,100,241200,10:56:26
2413,200,482600,10:56:06
2412,100,241200,10:55:40
2413,100,241300,10:55:31
2412,300,723600,10:55:31
2412,100,241200,10:55:31
2413,100,241300,10:54:50
2415,100,241500,10:54:43
2413,100,241300,10:54:42
2414,200,482800,10:54:38
2416,100,241600,10:54:30
2415,500,1207500,10:54:28
2414,100,241400,10:54:15
2414,100,241400,10:53:43
2413,100,241300,10:53:42
2413,100,241300,10:53:34
2413,100,241300,10:53:34
2413,100,241300,10:53:32
2412,100,241200,10:53:30
2414,100,241400,10:53:30
2412,100,241200,10:53:30
2413,500,1206500,10:53:30
2413,700,1689100,10:53:30
2415,100,241500,10:52:47
2413,100,241300,10:52:44
2414,100,241400,10:52:37
2416,100,241600,10:52:06
2414,100,241400,10:52:05
2415,200,483000,10:52:05
2414,100,241400,10:51:52
2415,100,241500,10:51:32
2414,400,965600,10:51:32
2414,100,241400,10:51:32
2416,100,241600,10:50:54
2417,200,483400,10:50:51
2417,100,241700,10:50:51
2416,100,241600,10:50:50
2415,100,241500,10:50:33
2415,100,241500,10:50:24
2414,100,241400,10:49:54
2414,100,241400,10:49:34
2416,100,241600,10:48:51
2416,100,241600,10:48:32
2418,300,725400,10:48:28
2419,200,483800,10:47:52
2420,200,484000,10:47:52
2420,1200,2904000,10:47:28
2420,400,968000,10:47:28
2420,1100,2662000,10:47:28
2421,300,726300,10:47:28
2424,100,242400,10:47:18
2423,300,726900,10:47:15
2422,100,242200,10:47:09
2420,100,242000,10:46:51
2421,100,242100,10:46:51
2422,300,726600,10:46:40
2419,100,241900,10:45:57
2420,100,242000,10:45:48
2421,100,242100,10:45:36
2423,200,484600,10:45:27
2425,100,242500,10:44:33
2426,100,242600,10:44:26
2426,200,485200,10:43:54
2425,100,242500,10:43:50
2424,100,242400,10:43:13
2423,100,242300,10:42:54
2423,100,242300,10:42:54
2424,100,242400,10:42:08
2425,200,485000,10:41:48
2426,100,242600,10:41:24
2427,400,970800,10:41:23
2428,200,485600,10:41:23
2431,100,243100,10:39:17
2428,200,485600,10:39:15
2429,200,485800,10:39:15
2431,100,243100,10:39:15
2430,100,243000,10:39:15
2433,100,243300,10:39:15
2432,100,243200,10:39:14
2432,100,243200,10:39:01
2432,100,243200,10:38:52
2432,100,243200,10:38:38
2431,400,972400,10:38:36
2430,100,243000,10:38:26
2429,100,242900,10:38:25
2428,100,242800,10:38:25
2427,300,728100,10:38:25
2427,100,242700,10:38:01
2429,100,242900,10:37:40
2430,200,486000,10:37:40
2431,100,243100,10:36:53
2429,200,485800,10:36:52
2431,100,243100,10:36:50
2430,700,1701000,10:36:49
2429,100,242900,10:36:36
2427,100,242700,10:35:56
2427,100,242700,10:35:55
2428,100,242800,10:35:49
2428,100,242800,10:35:49
2427,100,242700,10:35:40
2427,200,485400,10:35:39
2426,200,485200,10:35:39
2425,200,485000,10:34:57
2425,100,242500,10:34:52
2424,200,484800,10:34:36
2424,100,242400,10:34:24
2423,100,242300,10:34:23
2422,2200,5328400,10:34:23
2420,200,484000,10:34:23
2419,100,241900,10:34:23
2419,100,241900,10:34:23
2418,200,483600,10:34:09
2417,100,241700,10:34:04
2417,200,483400,10:32:57
2417,300,725100,10:32:40
2416,400,966400,10:32:37
2415,200,483000,10:32:29
2414,100,241400,10:32:29
2414,100,241400,10:32:29
2413,500,1206500,10:31:59
2413,300,723900,10:31:55
2413,200,482600,10:31:55
2414,500,1207000,10:31:47
2415,400,966000,10:31:17
2416,300,724800,10:31:17
2414,100,241400,10:31:17
2414,100,241400,10:31:00
2414,200,482800,10:30:46
2414,200,482800,10:29:59
2415,200,483000,10:29:15
2416,200,483200,10:28:57
2416,100,241600,10:28:43
2416,100,241600,10:28:33
2415,200,483000,10:28:29
2415,100,241500,10:28:22
2415,100,241500,10:28:19
2415,300,724500,10:28:19
2415,100,241500,10:28:19
2414,200,482800,10:28:05
2413,100,241300,10:28:00
2413,200,482600,10:27:23
2414,100,241400,10:27:01
2413,200,482600,10:26:50
2412,200,482400,10:26:40
2411,100,241100,10:26:05
2409,200,481800,10:26:04
2410,300,723000,10:26:04
2410,500,1205000,10:25:27
2411,100,241100,10:25:27
2413,100,241300,10:25:24
2415,400,966000,10:25:08
2414,100,241400,10:25:08
2415,100,241500,10:25:05
2415,100,241500,10:25:05
2415,200,483000,10:25:05
2414,100,241400,10:24:54
2413,300,723900,10:24:34
2412,100,241200,10:24:26
2411,100,241100,10:24:14
2410,200,482000,10:24:13
2411,100,241100,10:24:03
2411,200,482200,10:23:51
2408,100,240800,10:23:50
2409,200,481800,10:23:50
2410,100,241000,10:23:50
2411,200,482200,10:23:37
2414,100,241400,10:23:11
2415,200,483000,10:23:02
2415,100,241500,10:23:02
2413,100,241300,10:22:57
2415,100,241500,10:22:51
2415,400,966000,10:22:51
2416,300,724800,10:22:51
2418,100,241800,10:22:38
2419,100,241900,10:22:03
2419,200,483800,10:21:49
2421,100,242100,10:21:24
2420,100,242000,10:20:50
2422,100,242200,10:20:46
2422,100,242200,10:20:42
2420,100,242000,10:20:31
2420,200,484000,10:20:31
2422,800,1937600,10:20:22
2423,100,242300,10:20:22
2423,200,484600,10:20:19
2424,100,242400,10:20:14
2425,200,485000,10:20:04
2424,200,484800,10:19:18
2423,100,242300,10:19:09
2423,200,484600,10:18:56
2422,200,484400,10:18:46
2421,200,484200,10:18:45
2419,100,241900,10:18:19
2421,100,242100,10:18:12
2420,200,484000,10:18:03
2419,100,241900,10:17:53
2419,100,241900,10:17:47
2419,100,241900,10:17:46
2419,200,483800,10:17:12
2420,600,1452000,10:17:12
2421,100,242100,10:17:00
2424,300,727200,10:16:09
2425,100,242500,10:16:02
2425,500,1212500,10:15:55
2424,200,484800,10:15:55
2423,400,969200,10:15:46
2424,200,484800,10:15:46
2425,100,242500,10:15:42
2424,400,969600,10:15:36
2424,100,242400,10:15:25
2424,300,727200,10:15:25
2423,200,484600,10:15:21
2423,100,242300,10:15:21
2422,100,242200,10:15:02
2421,200,484200,10:15:02
2422,100,242200,10:14:39
2421,100,242100,10:14:32
2421,200,484200,10:14:32
2420,1000,2420000,10:14:32
2419,500,1209500,10:14:32
2417,100,241700,10:14:09
2418,100,241800,10:13:59
2419,100,241900,10:13:57
2419,200,483800,10:13:57
2416,100,241600,10:13:17
2417,100,241700,10:13:17
2417,100,241700,10:12:54
2417,200,483400,10:12:47
2419,200,483800,10:12:34
2419,400,967600,10:12:30
2418,300,725400,10:12:27
2418,100,241800,10:12:27
2418,400,967200,10:12:27
2418,100,241800,10:12:27
2417,100,241700,10:12:04
2416,100,241600,10:12:04
2413,400,965200,10:11:44
2415,100,241500,10:11:41
2415,200,483000,10:10:57
2415,900,2173500,10:10:57
2416,900,2174400,10:10:53
2418,100,241800,10:10:43
2420,1600,3872000,10:10:21
2419,300,725700,10:10:21
2418,100,241800,10:10:21
2416,100,241600,10:09:54
2417,200,483400,10:09:52
2418,100,241800,10:09:43
2417,100,241700,10:09:43
2416,400,966400,10:09:36
2415,300,724500,10:09:35
2414,100,241400,10:09:29
2413,100,241300,10:09:28
2413,400,965200,10:08:21
2412,100,241200,10:08:21
2410,400,964000,10:08:20
2412,200,482400,10:08:20
2413,100,241300,10:07:23
2412,100,241200,10:07:19
2411,100,241100,10:06:59
2413,400,965200,10:06:48
2413,100,241300,10:06:37
2413,100,241300,10:06:37
2413,100,241300,10:06:37
2413,100,241300,10:06:37
2412,100,241200,10:06:36
2411,400,964400,10:06:36
2411,100,241100,10:06:23
2411,100,241100,10:06:21
2411,100,241100,10:06:10
2412,200,482400,10:06:02
2413,100,241300,10:05:58
2414,400,965600,10:05:58
2415,300,724500,10:05:51
2416,200,483200,10:05:50
2419,100,241900,10:05:35
2417,100,241700,10:05:30
2416,200,483200,10:05:02
2418,300,725400,10:05:02
2422,100,242200,10:04:38
2421,200,484200,10:04:38
2419,100,241900,10:04:25
2423,100,242300,10:04:25
2422,500,1211000,10:04:25
2421,500,1210500,10:04:25
2420,200,484000,10:04:25
2420,200,484000,10:04:07
2419,400,967600,10:04:07
2420,200,484000,10:04:07
2419,100,241900,10:04:07
2418,200,483600,10:04:06
2417,100,241700,10:04:05
2416,600,1449600,10:04:05
2415,400,966000,10:04:05
2414,100,241400,10:04:05
2414,100,241400,10:04:05
2414,100,241400,10:04:05
2412,100,241200,10:03:50
2411,5000,12055000,10:03:50
2411,900,2169900,10:03:50
2412,200,482400,10:03:50
2413,200,482600,10:03:48
2414,100,241400,10:03:48
2413,100,241300,10:03:42
2412,400,964800,10:03:42
2411,300,723300,10:03:42
2410,200,482000,10:03:42
2410,100,241000,10:03:42
2409,100,240900,10:03:42
2407,100,240700,10:03:40
2408,100,240800,10:03:40
2407,200,481400,10:03:40
2406,800,1924800,10:03:40
2405,300,721500,10:03:40
2404,200,480800,10:03:36
2403,100,240300,10:03:24
2402,300,720600,10:03:23
2404,100,240400,10:02:37
2402,100,240200,10:02:19
2401,300,720300,10:02:17
2404,100,240400,10:02:01
2404,100,240400,10:01:48
2401,100,240100,10:01:48
2400,100,240000,10:00:39
2401,200,480200,10:00:38
2402,300,720600,10:00:29
2402,500,1201000,10:00:29
2401,100,240100,10:00:29
2399,400,959600,10:00:29
2399,200,479800,10:00:29
2398,400,959200,10:00:09
2398,200,479600,10:00:09
2397,100,239700,10:00:03
2395,700,1676500,09:59:32
2394,100,239400,09:59:24
2394,100,239400,09:59:08
2394,100,239400,09:59:08
2393,200,478600,09:58:46
2394,200,478800,09:58:34
2394,100,239400,09:58:18
2394,400,957600,09:58:02
2396,100,239600,09:57:34
2397,100,239700,09:57:29
2399,500,1199500,09:57:25
2399,500,1199500,09:57:25
2399,500,1199500,09:57:13
2399,100,239900,09:56:23
2397,200,479400,09:55:57
2397,600,1438200,09:55:57
2398,100,239800,09:55:49
2398,100,239800,09:55:31
2398,100,239800,09:55:27
2398,100,239800,09:55:27
2398,100,239800,09:55:27
2397,200,479400,09:55:26
2397,100,239700,09:54:25
2396,100,239600,09:54:13
2397,400,958800,09:54:11
2399,200,479800,09:53:18
2399,100,239900,09:53:01
2396,200,479200,09:51:52
2403,100,240300,09:50:40
2402,200,480400,09:50:40
2400,300,720000,09:50:39
2399,1500,3598500,09:50:37
2398,200,479600,09:50:21
2397,100,239700,09:50:21
2396,600,1437600,09:50:21
2395,200,479000,09:50:21
2394,1800,4309200,09:50:21
2392,1400,3348800,09:50:20
2392,100,239200,09:49:43
2391,500,1195500,09:49:24
2390,400,956000,09:49:19
2391,300,717300,09:49:19
2391,100,239100,09:49:19
2392,200,478400,09:49:19
2395,100,239500,09:49:14
2396,100,239600,09:49:11
2397,500,1198500,09:49:11
2396,1400,3354400,09:49:11
2395,100,239500,09:49:11
2392,100,239200,09:48:24
2393,300,717900,09:48:22
2394,100,239400,09:48:22
2394,100,239400,09:48:15
2394,300,718200,09:47:59
2394,100,239400,09:47:51
2395,300,718500,09:47:18
2395,100,239500,09:46:58
2397,100,239700,09:46:54
2396,400,958400,09:46:54
2397,1000,2397000,09:46:54
2396,800,1916800,09:46:54
2395,200,479000,09:46:54
2393,500,1196500,09:45:20
2392,100,239200,09:45:14
2391,600,1434600,09:45:13
2390,100,239000,09:44:48
2389,400,955600,09:44:48
2390,300,717000,09:44:48
2390,1000,2390000,09:44:44
2393,800,1914400,09:43:55
2394,400,957600,09:43:46
2393,100,239300,09:43:42
2392,100,239200,09:43:35
2392,100,239200,09:43:26
2391,200,478200,09:43:21
2390,100,239000,09:43:05
2391,100,239100,09:43:02
2390,100,239000,09:43:02
2390,200,478000,09:42:54
2391,100,239100,09:42:41
2391,100,239100,09:42:27
2390,400,956000,09:42:15
2390,100,239000,09:42:15
2389,400,955600,09:42:14
2388,100,238800,09:42:00
2388,100,238800,09:42:00
2387,100,238700,09:41:11
2387,400,954800,09:41:11
2388,100,238800,09:41:10
2389,100,238900,09:41:06
2389,100,238900,09:41:05
2390,500,1195000,09:40:41
2391,100,239100,09:40:34
2391,200,478200,09:40:34
2391,200,478200,09:40:09
2392,500,1196000,09:40:03
2391,100,239100,09:40:03
2390,400,956000,09:40:00
2390,100,239000,09:40:00
2389,200,477800,09:39:59
2388,100,238800,09:39:49
2390,100,239000,09:39:22
2391,500,1195500,09:39:09
2390,100,239000,09:38:48
2389,400,955600,09:38:48
2387,400,954800,09:38:33
2387,100,238700,09:38:26
2388,400,955200,09:38:23
2389,200,477800,09:38:23
2390,100,239000,09:38:13
2390,200,478000,09:38:13
2390,100,239000,09:38:13
2389,100,238900,09:38:09
2389,100,238900,09:38:09
2388,100,238800,09:38:07
2389,500,1194500,09:38:06
2390,600,1434000,09:38:05
2391,200,478200,09:38:04
2392,200,478400,09:37:53
2392,400,956800,09:37:49
2392,100,239200,09:37:47
2391,100,239100,09:37:45
2391,400,956400,09:37:45
2390,800,1912000,09:37:25
2390,100,239000,09:37:25
2391,100,239100,09:37:16
2391,100,239100,09:37:16
2391,100,239100,09:36:57
2392,100,239200,09:36:57
2392,300,717600,09:36:57
2393,300,717900,09:36:34
2393,400,957200,09:36:34
2394,100,239400,09:36:16
2395,100,239500,09:36:13
2396,100,239600,09:36:12
2396,300,718800,09:36:12
2395,100,239500,09:35:55
2395,100,239500,09:35:50
2396,100,239600,09:35:41
2396,200,479200,09:35:40
2396,100,239600,09:35:40
2395,100,239500,09:35:38
2393,300,717900,09:35:17
2393,300,717900,09:35:03
2394,200,478800,09:35:03
2395,800,1916000,09:35:03
2396,100,239600,09:35:02
2398,100,239800,09:34:58
2396,300,718800,09:34:58
2397,200,479400,09:34:58
2398,100,239800,09:34:58
2398,400,959200,09:34:58
2399,200,479800,09:34:58
2400,1500,3600000,09:34:58
2401,100,240100,09:34:50
2401,1000,2401000,09:34:50
2403,100,240300,09:34:38
2404,100,240400,09:34:29
2403,400,961200,09:34:29
2403,300,720900,09:34:22
2405,200,481000,09:34:18
2405,300,721500,09:34:04
2405,100,240500,09:34:02
2403,200,480600,09:33:51
2403,900,2162700,09:33:36
2402,100,240200,09:33:36
2401,300,720300,09:33:24
2402,100,240200,09:33:16
2403,100,240300,09:33:15
2403,100,240300,09:33:13
2403,100,240300,09:33:03
2404,200,480800,09:33:02
2405,200,481000,09:33:02
2406,400,962400,09:33:00
2406,600,1443600,09:33:00
2407,400,962800,09:32:57
2408,100,240800,09:32:53
2409,100,240900,09:32:50
2409,200,481800,09:32:17
2410,200,482000,09:32:14
2410,200,482000,09:32:03
2410,100,241000,09:31:43
2409,100,240900,09:31:15
2407,100,240700,09:31:06
2409,200,481800,09:30:43
2408,300,722400,09:30:30
2407,300,722100,09:30:30
2406,100,240600,09:30:30
2406,100,240600,09:30:30
2404,200,480800,09:30:29
2405,300,721500,09:30:29
2406,100,240600,09:30:02
2408,100,240800,09:30:01
2408,200,481600,09:29:37
2407,100,240700,09:29:13
2408,100,240800,09:29:13
2406,100,240600,09:29:13
2408,200,481600,09:29:05
2408,700,1685600,09:29:05
2402,1600,3843200,09:29:05
2402,1200,2882400,09:29:05
2403,700,1682100,09:29:05
2404,900,2163600,09:29:05
2405,600,1443000,09:29:05
2406,400,962400,09:29:05
2407,100,240700,09:29:05
2407,100,240700,09:28:57
2407,100,240700,09:28:57
2407,100,240700,09:28:52
2408,100,240800,09:28:45
2409,100,240900,09:28:12
2409,100,240900,09:28:12
2406,100,240600,09:28:02
2411,100,241100,09:27:46
2411,100,241100,09:27:44
2412,100,241200,09:27:44
2412,200,482400,09:27:43
2413,100,241300,09:27:39
2411,100,241100,09:27:35
2410,400,964000,09:27:35
2409,100,240900,09:27:35
2408,100,240800,09:27:32
2410,100,241000,09:27:30
2409,300,722700,09:27:27
2410,400,964000,09:27:27
2412,100,241200,09:27:16
2410,200,482000,09:27:16
2410,100,241000,09:27:16
2410,1100,2651000,09:27:16
2411,100,241100,09:27:13
2412,300,723600,09:27:13
2413,500,1206500,09:27:10
2413,100,241300,09:26:24
2412,400,964800,09:26:24
2410,100,241000,09:26:06
2410,100,241000,09:25:43
2409,100,240900,09:25:31
2408,200,481600,09:25:27
2410,500,1205000,09:25:13
2411,100,241100,09:25:13
2411,300,723300,09:25:03
2410,200,482000,09:24:58
2410,100,241000,09:24:46
2409,100,240900,09:24:28
2408,100,240800,09:24:19
2408,100,240800,09:24:16
2408,100,240800,09:24:15
2407,100,240700,09:24:00
2406,200,481200,09:23:34
2405,900,2164500,09:23:34
2408,100,240800,09:23:18
2408,100,240800,09:23:13
2409,400,963600,09:23:10
2409,100,240900,09:22:39
2410,300,723000,09:22:39
2411,200,482200,09:22:39
2412,200,482400,09:22:33
2411,100,241100,09:22:32
2410,200,482000,09:22:32
2407,100,240700,09:22:28
2408,100,240800,09:22:22
2404,600,1442400,09:22:22
2405,300,721500,09:22:22
2406,100,240600,09:22:22
2406,100,240600,09:22:15
2405,100,240500,09:22:15
2403,600,1441800,09:22:15
2402,100,240200,09:22:13
2401,400,960400,09:22:13
2404,100,240400,09:21:51
2405,100,240500,09:21:44
2405,100,240500,09:21:44
2403,100,240300,09:21:20
2402,100,240200,09:21:19
2403,100,240300,09:21:13
2405,100,240500,09:21:07
2407,100,240700,09:20:59
2406,300,721800,09:20:51
2406,100,240600,09:20:51
2405,300,721500,09:20:51
2404,100,240400,09:20:51
2404,400,961600,09:20:51
2405,200,481000,09:20:48
2408,100,240800,09:20:33
2408,100,240800,09:20:31
2406,100,240600,09:20:09
2407,100,240700,09:20:09
2408,100,240800,09:20:07
2411,200,482200,09:20:00
2409,500,1204500,09:19:51
2405,100,240500,09:19:38
2407,100,240700,09:19:35
2407,200,481400,09:19:34
2407,100,240700,09:19:34
2408,100,240800,09:19:24
2408,100,240800,09:19:24
2408,100,240800,09:19:14
2408,100,240800,09:19:14
2408,100,240800,09:19:14
2407,200,481400,09:19:14
2407,100,240700,09:19:14
2406,100,240600,09:19:14
2407,100,240700,09:18:41
2405,100,240500,09:18:41
2405,100,240500,09:18:35
2405,100,240500,09:18:30
2408,100,240800,09:18:25
2404,100,240400,09:18:24
2408,100,240800,09:18:20
2408,100,240800,09:18:19
2407,100,240700,09:18:19
2408,100,240800,09:18:18
2406,100,240600,09:18:18
2407,100,240700,09:18:18
2407,100,240700,09:18:17
2409,300,722700,09:18:17
2408,100,240800,09:18:17
2408,200,481600,09:18:17
2408,600,1444800,09:18:17
2407,100,240700,09:18:17
2400,800,1920000,09:18:17
2401,2800,6722800,09:18:17
2402,1400,3362800,09:18:17
2403,1200,2883600,09:18:17
2404,1000,2404000,09:18:17
2405,300,721500,09:18:17
2406,200,481200,09:18:17
2407,100,240700,09:18:17
2408,100,240800,09:18:13
2408,300,722400,09:18:12
2406,200,481200,09:18:08
2405,100,240500,09:18:02
2406,100,240600,09:18:00
2406,100,240600,09:17:56
2405,100,240500,09:17:56
2408,100,240800,09:17:55
2409,100,240900,09:17:43
2410,100,241000,09:17:40
2410,200,482000,09:17:39
2409,100,240900,09:17:21
2407,100,240700,09:17:21
2406,100,240600,09:17:21
2402,100,240200,09:17:12
2405,100,240500,09:17:11
2409,100,240900,09:17:06
2408,100,240800,09:16:59
2408,300,722400,09:16:54
2408,100,240800,09:16:46
2409,200,481800,09:16:46
2410,200,482000,09:16:43
2411,100,241100,09:16:42
2417,100,241700,09:16:27
2416,200,483200,09:16:18
2417,100,241700,09:16:18
2418,500,1209000,09:16:18
2419,100,241900,09:16:18
2420,200,484000,09:16:18
2419,100,241900,09:16:18
2419,100,241900,09:16:18
2413,400,965200,09:16:18
2414,600,1448400,09:16:18
2415,1500,3622500,09:16:18
2416,500,1208000,09:16:18
2417,600,1450200,09:16:18
2418,100,241800,09:16:18
2419,100,241900,09:16:18
2420,100,242000,09:16:09
2422,100,242200,09:16:06
2423,100,242300,09:15:59
2422,500,1211000,09:15:53
2423,100,242300,09:15:53
2424,100,242400,09:15:53
2424,300,727200,09:15:53
2425,100,242500,09:15:53
2428,100,242800,09:15:21
2427,100,242700,09:15:21
2425,300,727500,09:15:17
2430,3400,8262000,09:15:14
2434,800,1947200,09:14:32
2435,200,487000,09:14:32
2436,100,243600,09:14:32
2436,100,243600,09:14:32
2437,800,1949600,09:14:32
2440,100,244000,09:14:19
2440,100,244000,09:14:08
2441,100,244100,09:14:03
2439,100,243900,09:14:00
2440,100,244000,09:13:49
2441,200,488200,09:13:42
2441,100,244100,09:13:42
2440,1800,4392000,09:13:42
2438,100,243800,09:13:38
2437,100,243700,09:13:33
2437,200,487400,09:13:10
2437,100,243700,09:12:41
2437,100,243700,09:12:41
2436,100,243600,09:12:41
2435,100,243500,09:12:40
2434,300,730200,09:12:40
2431,200,486200,09:12:40
2432,100,243200,09:12:40
2433,5200,12651600,09:12:40
2434,200,486800,09:12:40
2435,200,487000,09:12:40
2435,200,487000,09:12:40
2438,100,243800,09:12:21
2436,200,487200,09:11:58
2435,100,243500,09:11:57
2438,800,1950400,09:11:44
2439,200,487800,09:11:44
2442,200,488400,09:11:39
2443,100,244300,09:11:34
2444,100,244400,09:11:23
2440,100,244000,09:11:12
2441,200,488200,09:11:12
2442,200,488400,09:11:12
2442,300,732600,09:11:12
2443,200,488600,09:10:57
2444,100,244400,09:10:57
2446,100,244600,09:10:48
2450,600,1470000,09:10:48
2449,1200,2938800,09:10:48
2448,1000,2448000,09:10:48
2447,600,1468200,09:10:48
2446,200,489200,09:10:48
2445,100,244500,09:10:48
2444,100,244400,09:10:48
2443,100,244300,09:10:46
2446,200,489200,09:10:43
2445,600,1467000,09:10:33
2444,300,733200,09:10:14
2441,100,244100,09:10:09
2441,300,732300,09:09:55
2443,200,488600,09:09:49
2442,100,244200,09:09:48
2442,100,244200,09:09:48
2441,100,244100,09:09:48
2440,1300,3172000,09:09:48
2439,100,243900,09:09:48
2439,100,243900,09:09:48
2438,100,243800,09:09:48
2437,100,243700,09:09:48
2436,500,1218000,09:09:48
2438,100,243800,09:09:38
2436,100,243600,09:09:38
2435,100,243500,09:09:37
2434,200,486800,09:09:37
2435,200,487000,09:09:37
2438,100,243800,09:09:35
2438,400,975200,09:09:29
2436,100,243600,09:09:27
2431,300,729300,09:09:11
2432,100,243200,09:08:56
2434,100,243400,09:08:56
2435,100,243500,09:08:50
2432,100,243200,09:08:49
2432,200,486400,09:08:49
2428,200,485600,09:08:46
2428,200,485600,09:08:40
2429,600,1457400,09:08:40
2431,200,486200,09:08:39
2435,100,243500,09:08:32
2434,300,730200,09:08:25
2435,100,243500,09:08:25
2439,100,243900,09:08:23
2438,100,243800,09:08:23
2434,100,243400,09:08:20
2435,100,243500,09:08:07
2437,100,243700,09:08:07
2439,200,487800,09:08:05
2440,100,244000,09:08:05
2441,200,488200,09:08:03
2440,100,244000,09:07:36
2440,100,244000,09:07:36
2438,100,243800,09:07:24
2439,200,487800,09:07:07
2440,100,244000,09:06:53
2440,100,244000,09:06:51
2441,300,732300,09:06:51
2443,100,244300,09:06:49
2443,100,244300,09:06:48
2441,200,488200,09:06:30
2438,300,731400,09:06:19
2438,100,243800,09:06:19
2439,100,243900,09:06:19
2442,100,244200,09:06:16
2438,200,487600,09:06:16
2440,200,488000,09:06:16
2441,100,244100,09:06:10
2445,100,244500,09:06:10
2445,100,244500,09:06:02
2445,100,244500,09:05:59
2445,200,489000,09:05:58
2445,200,489000,09:05:53
2446,100,244600,09:05:53
2447,100,244700,09:05:47
2449,200,489800,09:05:47
2450,200,490000,09:05:42
2447,100,244700,09:05:42
2448,100,244800,09:05:42
2450,100,245000,09:05:29
2450,100,245000,09:05:28
2450,300,735000,09:05:22
2452,100,245200,09:05:20
2451,100,245100,09:05:19
2452,100,245200,09:05:19
2452,100,245200,09:05:12
2454,100,245400,09:05:11
2453,800,1962400,09:05:10
2452,100,245200,09:05:10
2451,100,245100,09:05:10
2448,100,244800,09:05:06
2450,100,245000,09:05:06
2450,300,735000,09:05:01
2449,100,244900,09:05:00
2447,200,489400,09:05:00
2443,400,977200,09:04:45
2444,100,244400,09:04:45
2446,200,489200,09:04:44
2446,200,489200,09:04:42
2446,100,244600,09:04:35
2449,100,244900,09:04:31
2450,100,245000,09:04:31
2451,800,1960800,09:04:31
2455,300,736500,09:04:28
2452,100,245200,09:04:25
2451,200,490200,09:04:25
2450,2700,6615000,09:04:25
2449,500,1224500,09:04:25
2448,200,489600,09:04:25
2446,100,244600,09:04:20
2445,100,244500,09:04:20
2440,100,244000,09:04:11
2442,200,488400,09:04:11
2441,100,244100,09:04:09
2442,200,488400,09:04:05
2441,100,244100,09:04:03
2441,200,488200,09:04:02
2441,100,244100,09:03:53
2442,100,244200,09:03:53
2441,100,244100,09:03:40
2444,100,244400,09:03:40
2443,600,1465800,09:03:40
2441,100,244100,09:03:40
2440,100,244000,09:03:40
2440,100,244000,09:03:40
2439,100,243900,09:03:38
2435,100,243500,09:03:38
2434,100,243400,09:03:38
2438,100,243800,09:03:38
2437,500,1218500,09:03:38
2436,200,487200,09:03:38
2431,100,243100,09:03:36
2435,200,487000,09:03:36
2433,400,973200,09:03:36
2431,100,243100,09:03:36
2430,500,1215000,09:03:29
2432,200,486400,09:03:23
2432,200,486400,09:03:17
2432,100,243200,09:03:00
2433,300,729900,09:03:00
2432,100,243200,09:02:57
2430,300,729000,09:02:52
2429,100,242900,09:02:52
2428,600,1456800,09:02:52
2427,300,728100,09:02:52
2426,100,242600,09:02:51
2426,200,485200,09:02:51
2425,300,727500,09:02:51
2424,300,727200,09:02:44
2423,500,1211500,09:02:44
2422,200,484400,09:02:44
2420,100,242000,09:02:43
2421,100,242100,09:02:43
2422,100,242200,09:02:28
2422,200,484400,09:02:25
2417,100,241700,09:02:23
2418,600,1450800,09:02:23
2419,500,1209500,09:02:23
2420,500,1210000,09:02:23
2421,300,726300,09:02:23
2422,100,242200,09:02:23
2425,100,242500,09:02:21
2422,200,484400,09:02:18
2424,400,969600,09:02:16
2420,600,1452000,09:02:14
2419,300,725700,09:02:14
2416,100,241600,09:02:07
2415,100,241500,09:02:03
2411,500,1205500,09:02:03
2407,100,240700,09:02:01
2409,100,240900,09:01:58
2408,100,240800,09:01:58
2407,100,240700,09:01:58
2405,100,240500,09:01:58
2406,100,240600,09:01:57
2407,100,240700,09:01:57
2407,100,240700,09:01:57
2408,300,722400,09:01:47
2410,100,241000,09:01:47
2410,200,482000,09:01:46
2408,300,722400,09:01:46
2407,200,481400,09:01:46
2406,100,240600,09:01:46
2404,100,240400,09:01:44
2404,200,480800,09:01:35
2407,100,240700,09:01:34
2401,100,240100,09:01:33
2405,100,240500,09:01:33
2401,300,720300,09:01:33
2402,200,480400,09:01:33
2404,100,240400,09:01:33
2405,200,481000,09:01:28
2405,100,240500,09:01:27
2405,100,240500,09:01:26
2405,100,240500,09:01:20
2405,200,481000,09:01:19
2405,100,240500,09:01:19
2397,500,1198500,09:01:19
2399,500,1199500,09:01:19
2400,100,240000,09:01:19
2401,500,1200500,09:01:19
2402,100,240200,09:01:19
2403,100,240300,09:01:19
2402,100,240200,09:00:51
2404,100,240400,09:00:46
2404,200,480800,09:00:46
2404,200,480800,09:00:46
2404,200,480800,09:00:46
2404,500,1202000,09:00:46
2404,100,240400,09:00:44
2400,100,240000,09:00:43
2395,400,958000,09:00:42
2397,100,239700,09:00:42
2396,200,479200,09:00:42
2399,600,1439400,09:00:42
2402,100,240200,09:00:41
2401,100,240100,09:00:38
2398,200,479600,09:00:38
2400,200,480000,09:00:38
2405,100,240500,09:00:34
2407,100,240700,09:00:29
2407,100,240700,09:00:28
2402,100,240200,09:00:27
2405,100,240500,09:00:27
2406,100,240600,09:00:27
2411,100,241100,09:00:18
2411,200,482200,09:00:09
2408,100,240800,09:00:06
2409,400,963600,09:00:05
2410,300,723000,09:00:05
2411,200,482200,09:00:01
2419,100,241900,09:00:01
2411,100,241100,09:00:00
2410,100,241000,09:00:00
2410,600,1446000,09:00:00
2411,100,241100,09:00:00
2414,19400,46831600,09:00:00