受渡日,約定日,銘柄コード,銘柄名,口座区分,預り区分,市場,売買,商品区分,取引区分,約定数量,約定単価,約定代金,手数料（税込）,受渡金額,建市場,建日,建単価,建手数料（税込）,管理費（税込）,支払利息,受取利息,名義書換料（税込）,実現損益,税引前金額,所得税,地方税
2026/8/31,2026/8/27,63300,東洋エンジ,特定,,東証,売,株式,新規（一日）,100,2528,252800,0,,,,,,,,,,,,,
2026/8/31,2026/8/27,63300,東洋エンジ,特定,,東証,売,株式,新規（一日）,100,2537,253700,0,,,,,,,,,,,,,
2026/8/31,2026/8/27,63300,東洋エンジ,特定,,東証,売,株式,新規（一日）,100,2553,255300,0,,,,,,,,,,,,,
2026/8/31,2026/8/27,63300,東洋エンジ,特定,,東証,売,株式,新規（一日）,100,2457,245700,0,,,,,,,,,,,,,
2026/8/31,2026/8/27,63300,東洋エンジ,特定,,東証,売,株式,新規（一日）,100,2451,245100,0,,,,,,,,,,,,,
2026/8/31,2026/8/27,63300,東洋エンジ,特定,,東証,売,株式,新規（一日）,100,2467,246700,0,,,,,,,,,,,,,
2026/8/31,2026/8/27,63300,東洋エンジ,特定,,東証,売,株式,新規（一日）,100,2484,248400,0,,,,,,,,,,,,,
2026/8/31,2026/8/27,63300,東洋エンジ,特定,,東証,買,株式,新規（一日）,100,2500,250000,0,,,,,,,,,,,,,
2026/8/31,2026/8/27,63300,東洋エンジ,特定,,東証,買,株式,新規（一日）,100,2528,252800,0,,,,,,,,,,,,,
2026/8/31,2026/8/27,63300,東洋エンジ,特定,,東証,買,株式,新規（一日）,100,2523,252300,0,,,,,,,,,,,,,
2026/8/31,2026/8/27,63300,東洋エンジ,特定,,東証,買,株式,新規（一日）,100,2548,254800,0,,,,,,,,,,,,,
2026/8/31,2026/8/27,63300,東洋エンジ,特定,,東証,買,株式,新規（一日）,100,2496,249600,0,,,,,,,,,,,,,
2026/8/31,2026/8/27,63300,東洋エンジ,特定,,東証,買,株式,新規（一日）,100,2569,256900,0,,,,,,,,,,,,,
2026/8/31,2026/8/27,63300,東洋エンジ,特定,,東証,買,株式,新規（一日）,100,2586,258600,0,,,,,,,,,,,,,
2026/8/31,2026/8/27,63300,東洋エンジ,特定,,東証,買,株式,新規（一日）,100,2532,253200,0,,,,,,,,,,,,,
2026/8/31,2026/8/27,63300,東洋エンジ,特定,,東証,買,株式,新規（一日）,100,2519,251900,0,,,,,,,,,,,,,
2026/8/31,2026/8/27,63300,東洋エンジ,特定,,東証,買,株式,新規（一日）,100,2478,247800,0,,,,,,,,,,,,,
2026/8/31,2026/8/27,63300,東洋エンジ,特定,,東証,買,株式,新規（一日）,100,2461,246100,0,,,,,,,,,,,,,
2026/8/31,2026/8/27,63300,東洋エンジ,特定,,東証,買,株式,新規（一日）,100,2567,256700,0,,,,,,,,,,,,,
2026/8/31,2026/8/27,63300,東洋エンジ,特定,,東証,売,株式,返済（一日）,100,2505,250500,0,4400,東証,2026/8/27,2461,0,0,0,0,0,4400,,,
2026/8/31,2026/8/27,63300,東洋エンジ,特定,,東証,売,株式,返済（一日）,100,2535,253500,0,3500,東証,2026/8/27,2500,0,0,0,0,0,3500,,,
2026/8/31,2026/8/27,63300,東洋エンジ,特定,,東証,売,株式,返済（一日）,100,2549,254900,0,100,東証,2026/8/27,2548,0,0,0,0,0,100,,,
2026/8/31,2026/8/27,63300,東洋エンジ,特定,,東証,売,株式,返済（一日）,100,2573,257300,0,600,東証,2026/8/27,2567,0,0,0,0,0,600,,,
2026/8/31,2026/8/27,63300,東洋エンジ,特定,,東証,売,株式,返済（一日）,100,2529,252900,0,1000,東証,2026/8/27,2519,0,0,0,0,0,1000,,,
2026/8/31,2026/8/27,63300,東洋エンジ,特定,,東証,売,株式,返済（一日）,100,2518,251800,0,-1400,東証,2026/8/27,2532,0,0,0,0,0,-1400,,,
2026/8/31,2026/8/27,63300,東洋エンジ,特定,,東証,売,株式,返済（一日）,100,2522,252200,0,-600,東証,2026/8/27,2528,0,0,0,0,0,-600,,,
2026/8/31,2026/8/27,63300,東洋エンジ,特定,,東証,売,株式,返済（一日）,100,2563,256300,0,-2300,東証,2026/8/27,2586,0,0,0,0,0,-2300,,,
2026/8/31,2026/8/27,63300,東洋エンジ,特定,,東証,売,株式,返済（一日）,100,2563,256300,0,-600,東証,2026/8/27,2569,0,0,0,0,0,-600,,,
2026/8/31,2026/8/27,63300,東洋エンジ,特定,,東証,売,株式,返済（一日）,100,2518,251800,0,-500,東証,2026/8/27,2523,0,0,0,0,0,-500,,,
2026/8/31,2026/8/27,63300,東洋エンジ,特定,,東証,売,株式,返済（一日）,100,2471,247100,0,-700,東証,2026/8/27,2478,0,0,0,0,0,-700,,,
2026/8/31,2026/8/27,63300,東洋エンジ,特定,,東証,売,株式,返済（一日）,100,2485,248500,0,-1100,東証,2026/8/27,2496,0,0,0,0,0,-1100,,,
2026/8/31,2026/8/27,63300,東洋エンジ,特定,,東証,買,株式,返済（一日）,100,2445,244500,0,1200,東証,2026/8/27,2457,0,0,0,0,0,1200,,,
2026/8/31,2026/8/27,63300,東洋エンジ,特定,,東証,買,株式,返済（一日）,100,2525,252500,0,300,東証,2026/8/27,2528,0,0,0,0,0,300,,,
2026/8/31,2026/8/27,63300,東洋エンジ,特定,,東証,買,株式,返済（一日）,100,2456,245600,0,-500,東証,2026/8/27,2451,0,0,0,0,0,-500,,,
2026/8/31,2026/8/27,63300,東洋エンジ,特定,,東証,買,株式,返済（一日）,100,2474,247400,0,-700,東証,2026/8/27,2467,0,0,0,0,0,-700,,,
2026/8/31,2026/8/27,63300,東洋エンジ,特定,,東証,買,株式,返済（一日）,100,2539,253900,0,-200,東証,2026/8/27,2537,0,0,0,0,0,-200,,,
2026/8/31,2026/8/27,63300,東洋エンジ,特定,,東証,買,株式,返済（一日）,100,2490,249000,0,-600,東証,2026/8/27,2484,0,0,0,0,0,-600,,,
2026/8/31,2026/8/27,63300,東洋エンジ,特定,,東証,買,株式,返済（一日）,100,2567,256700,0,-1400,東証,2026/8/27,2553,0,0,0,0,0,-1400,,,